Role,Companies,Location,Experience,Skills,Company Size,Eligibility Criteria,Enrollment Type,Salary,Min Salary,Max Salary,Min Experience
Data Scientist,2Coms,New Delhi,2 - 7 years,DataModeling\nEnterpriseApplications\nAnalyticalConsultingMachineLearning,838,B.Tech,Freelance,1000000-2000000,1000000,2000000,2
Machine Learning Engineer,2Coms,Mumbai,0-5 Yrs,Python\nComputerVision\nMachineLearning\nR\nBusinessAnalysis,4000,UG,Full Time,1800000-3300000,1800000,3300000,0
Data Scientist,2Coms Consulting Pvt Ltd.,"Chennai, Bengaluru",6-11 Yrs,Machine Learning Code DataScience R Data Model NLPAlgorithms Coding,10000,Phd,Full Time,160000-185000,160000,185000,6
Machine Learning Engineer,2Coms Consulting Pvt Ltd.,"Chennai, Pune, Mumbai",3-8 Yrs,DataScience\nR\nNLP\nAlgorithms\nArtificialIntelligence\nImageProcessing\nNaturalLanguageProcessing\nMachineLearning,10000,PG/Phd,Full Time,1200000-2100000,1200000,2100000,3
Data Scientist,3D India Staffing Research & Consulting Co India,Bengaluru,8-13 Yrs,Team Handling\nSegmentation\nOperations Research\nData Mining\nMachine Learning\nStatistics\nAnalytics\nClementine,200,Phd,Full Time,5000000-1700000,5000000,1700000,8
Data Scientist,3D India Staffing Research & Consulting Pvt Ltd,"Gurgaon, Gurugram",3-5 Yrs,R\nLending\nSAS\nData Scientist\nHadoop\nSpark\nIIM\nAnalytics,200,PG,Full Time,1300000-1700000,1300000,1700000,3
Data Scientist,3D India Staffing Research Consulting Pvt Ltd,Gurgaon,3-5 Yrs,Quantitative Analysis\nProduct Management\nLending\nIIM\nStatistical Analysis\nMachine Learning\nCredit Risk Analysis\nAnalytics,200,PG,Full Time,1500000-1900000,1500000,1900000,3
Data Scientist,3D India Staffing Research Consulting Pvt Ltd,Gurgaon,3-6 Yrs,R\nLending\nSAS\nHadoop\nSpark\nIIM\nquantitative analysis\nMachine Learning,200,PG,Full Time,1400000-1900000,1400000,1900000,3
Data Scientist,3D India Staffing Research Consulting Pvt Ltd,"Gurgaon, Gurugram",5-9 Yrs,Data Science\nJava\nR\nArtificial Intelligence\nData Scientist\nSCALA\nData Mining\nData Visualization,200,PG/Phd,Full Time,500000-800000,500000,800000,5
Data Scientist,3D India Staffing Research Consulting Pvt Ltd,Gurgaon,5-8 Yrs,Java\nBusiness Intelligence\nR\nETL Tools\nSCALA\nData Mining\nPerl\nMachine Learning,200,PG/Phd,Full Time,700000-1300000,700000,1300000,5
Data Scientist,3D-IP Semiconductors,Bengaluru,10-12 Yrs,Computer vision\nTechnology management\nMachine learning\nProgramming\nManager Technology\nPHP\nManagement\nMATLAB,50,PG/Phd,Full Time,700000-1350000,700000,1350000,10
Machine Learning Engineer,3i Infotech,Chennai,3-8 Yrs,Python\nMachineLearning\nAlgorithm\nKeras\nDL\nNLPLibraries\nComputervision,4000,UG/PG,Full Time,500000-800000,500000,800000,3
Data Engineer,3LOQ Labs Pvt. Ltd.,Mumbai,2-5 Yrs,Distribution System\nSCALA\nData Mining\nSpark\nMachine Learning\nPython\nSQL,50,UG/PG,Full Time,450000-750000,450000,750000,2
Applied Scientist (Machine Learning),3rd.Life,"Mumbai, Kolkata",10-12 Yrs,algorithms\ntechnical\nsoftware\nusage\nVOIP\nData mining\nresearch\nanalytics,200,PG/Phd,Full Time,1200000-1700000,1200000,1700000,10
For Data Scientist,8K Miles Software Services Limited,Chennai,3-6 Yrs,R\nMachine Learning\nPython\nTensorflow\nData Science\nNLP\nClassification\nKeras,1000,PG,Full Time,1500000-1600000,1500000,1600000,3
Data Scientist,Aarch Solutions,Bengaluru,8-13 Yrs,Unix\nSupply chain\nComputer science\nC++\nLinux\nMachine learning\nSPSS\nData mining,200,Phd,Full Time,900000-1700000,900000,1700000,8
Data Scientist,Aarch Solutions,Bengaluru,8-13 Yrs,Unix\nSupply chain\nComputer science\nC++\nLinux\nMachine learning\nSPSS\nData mining,200,Phd,Full Time,800000-1200000,800000,1200000,8
Data Analyst,ABC Consultants Pvt Ltd,Bengaluru,4-6 Yrs,Commercial Analytics\nanalytics and data science\nstatistical modeling\napplied statistics\nEconometrics,1000,PG/Phd,Full Time,NA,#VALUE!,#VALUE!,4
Data Scientist,Accenture,Chennai,8-10 Yrs,NaiveBayes\nSelenium\nJupyter\nKeras\nScikitLearn\nMSAzure\nMachineLearning,"6,99,000",PG/Phd,Full Time,500000-1500000,500000,1500000,8
Data Scientist,Accenture,Chennai,12-15 Yrs,ITSkills\nJava\nPython\nDataScience\nOracle\nBigData\nNeuralNetworks\nConsulting,"6,99,000",PG/Phd,Full Time,600000-900000,600000,900000,12
Elastic Path Solutions Application Developer,Accenture,Chennai,4-6 Yrs,Logstash\nMachineLearning\nObjectOrientedProgramming\nJira\nElasticPath,"6,99,000",UG/PG,Full Time,450000-700000,450000,700000,4
Machine Learning Data Science Practitioner,Accenture,Chennai,6-8 Yrs,DataScience\nConsulting\nMachineLearning\nPackaging\nSubjectMatterExpert\nBigData,"6,99,000",PG/Phd,Full Time,650000-1400000,650000,1400000,6
Machine Learning Engineer,Accenture,Chennai,2-7 Yrs,ITSkills\nJava\nPython\nTesting\nDataScience\nMachineLearning\nCloud\nPrototype,"6,99,000",UG/PG,Full Time,1100000-1500000,1100000,1500000,2
SAP BusinessObjects Data Services Application Developer,Accenture,Chennai,4-6 Yrs,BusinessProcess\nSAPECC\nClientHandling\nDataMigration\nConsulting,"6,99,000",UG/PG,Full Time,1800000-2250000,1800000,2250000,4
Data Engineer,Accenture Solutions Pvt Ltd,Hyderabad,3-6 Yrs,algorithms\ntechnical\nData mining\nMATLAB\nAnalytics\ncloud\nBusiness objects\nSimulation,50,PG,Full Time,1500000-1900000,1500000,1900000,3
Data Scientist,Accenture Solutions Pvt Ltd,Mumbai,3-5 Yrs,Data Science\nArtificial Intelligence\nBusiness Insights\nPython Programming\nAnalytics\nprogramming\nPython,50,PG,Full Time,550000-900000,550000,900000,3
Artificial Intelligence Scientist,Accrete.AI,Mumbai,2-3 Yrs,Computer science\ndeep learning\nData analysis\nNeural networks\nAnalytical\nArtificial Intelligence\nMachine learning\nAgile,200,UG/PG,Full Time,600000-900000,600000,900000,2
Machine Learning Engineer,Accunture,Pune,12-15 Yrs,MachineLearning\nDeepLearning\nBigData\nPython,100000,UG/PG,Full Time,NA,#VALUE!,#VALUE!,12
Data Engineer,Acidaes Solutions Pvt. Ltd.,Mumbai,3-8 Yrs,Data Quality\nArtificial Intelligence\nRequirement Gathering\nBig Data\nData Governance\nMachine Learning\nPython,500,PG/Phd,Full Time,1700000-2300000,1700000,2300000,3
Data Engineer,Adidas,Gurgaon,5-10 Yrs,DataAnalysis\nDBMS\nPython\nMachineLearning\nDataStructures\nDatabaseDesign,59000,UG/PG,Full Time,1500000-3200000,1500000,3200000,5
Data Scientist,Adidas,"Gurgaon, USA",5-10 Yrs,DataAnalysis\nDBMS\nPython\nMachineLearning\nDataStructures\nDatabaseDesign,59000,UG/PG,Full Time,NA,#VALUE!,#VALUE!,5
Data Scientist,Aditech IT and Consultancy Services Pvt Ltd,"Chennai, Pune, Delhi NCR, Mumbai, Bengaluru, Kolkata",4-9 Yrs,SAS\nScala\nArtificial Intelligence\nAI\nRandom Forests\nSVM\nMachine Learning\nDeep Learning,50,PG/Phd,Full Time,1600000-2200000,1600000,2200000,4
Data Analyst,Adoro,Mumbai,2-5 Yrs,Computer science\nBasic\nSenior Analyst\nStatistical software\nMATLAB\nStatistics\nSQL\nPython,200,UG/PG,Full Time,500000-1500000,500000,1500000,2
Machine Learning Engineer,Advanced Micro Devices Inc,Bengaluru,2-4 Yrs,Python\nMachineLearning\nDataAnalysis\nLinux\nComputerArchitecture,15500,UG/PG,Full Time,600000-1600000,600000,1600000,2
Data Scientist,AERA SOFTWARE TECHNOLOGY PVT LTD,Pune,12-15 Yrs,Random Forest\nTime Series\nPython\nPredictive Modeling\nArima\nMachine Learning\nStatistics\nData Science,500,PG/Phd,Full Time,NA,#VALUE!,#VALUE!,12
Machine Learning Engineer,AERA SOFTWARE TECHNOLOGY PVT LTD,Pune,4-8 Yrs,Design\npython\nDocker\nspark\nkafka\nData science\nDeployment\nApache,500,PG/Phd,Full Time,NA,#VALUE!,#VALUE!,4
Data Scientist,Aera Technology,Pune,6-8 Yrs,SAN\nalgorithms\nBusiness operations\nComputer science\nRelationship Executive\napache\nLinux\ninfrastructure,500,Phd,Full Time,900000-1355000,900000,1355000,6
Data Scientist,Aera Technology,Pune,6-8 Yrs,SAN\nalgorithms\nBusiness operations\nComputer science\nRelationship Executive\napache\nLinux\ninfrastructure,500,Phd,Full Time,700000-1450000,700000,1450000,6
Data Analyst,AEROFOLIC BUSINESS SOLUTIONS PRIVATE LIMITED,Coimbatore,3-7 Yrs,Computer science\nData analysis\nAerospace\nScript writing\nAnalytical\nConsulting\nMachine learning\nITES,200,PG,Full Time,NA,#VALUE!,#VALUE!,3
Trainee-freshers-machine Learning-ai-data Scientist,Aficionado Technologies Pvt Ltd,Bengaluru,0 Yrs,Tensorflow\nNLP\nKeras\nKnn\nMachine Learning\nDeep Learning\nNumpy\nPython,200,UG,Full Time,1600000-1900000,1600000,1900000,#VALUE!
Data Scientist,Agenty,Gurgaon,2-7 Yrs,Business process\nBackend\nFront end\nMachine learning\nJavascript\nHTML\nMongoDB\nVisual Studio,500,UG/PG,Full Time,NA,#VALUE!,#VALUE!,2
Data Scientist,Agile Tech,Hyderabad,2-4 Yrs,IT Skills\nPython\nCloud\nAWS\nwork from home\npython\nf\npart time,50,UG/PG,Full Time,400000-700000,400000,700000,2
Data Scientist,Agiletech Info Solutions,Chennai,3-8 Yrs,Data Scientist,500,PG/Phd,Full Time,1200000-1700000,1200000,1700000,3
Data Scientist,AgileTech InfoSolutions,Chennai,4-9 Yrs,Retail\nC++\nAnalytical\nMachine learning\nE-commerce\nPerl\nPredictive modeling\nData mining,500,PG/Phd,Full Time,1300000-1700000,1300000,1700000,4
Data Analyst,AgNext Technologies ( India's leading Agri Tech driven Company),Mohali,1-5 Yrs,Computer science\ndata cleansing\nComputer vision\nImage processing\nArtificial Intelligence\nMachine learning\nInformation retrieval\nQlikView,200,UG/PG,Full Time,500000-800000,500000,800000,1
Data Scientist,AgNext Technologies ( India's leading Agri Tech driven Company),"Mohali, Gurgaon",2-7 Yrs,Computer vision\ndeep learning\nLiterature\nImage processing\nArtificial Intelligence\nMachine learning\nDeployment\nFood processing,200,UG/PG,Full Time,700000-1000000,700000,1000000,2
ML/AI Intern,AgNext Technologies ( India's leading Agri Tech driven Company),"Mohali, Gurgaon",1-3 Yrs,Computer vision\ndeep learning\nC++\nImage processing\nIntern\nCoding\nMachine learning\nData processing,200,UG/PG,Full Time,600000-900000,600000,900000,1
Data Scientist,AGUILASS,"Hyderabad, Gurgaon",3-6 Yrs,spark\nSCALA\nMachine learning\nHadoop\nData Analyst\nBusiness intelligence\nbig data\nPredictive analytics,250,PG,Full Time,NA,#VALUE!,#VALUE!,3
Data Scientist,AI Enterprise,Bengaluru,5-10 Yrs,Unix\nComputer science\nLinux\nMIS\nSocial media\nShell scripting\nData mining\nMATLAB,500,PG/Phd,Full Time,500000-1200000,500000,1200000,5
Data Scientist,AICHUNKS Private Limited,Chandigarh,3-8 Yrs,Computer science\nIntern\nMachine learning,50,PG/Phd,Full Time,600000-900000,600000,900000,3
Data Scientist,AICHUNKS Private Limited,Chandigarh,1-6 Yrs,Machine learning,50,UG/PG,Full Time,800000-1000000,800000,1000000,1
Data Scientist,AICHUNKS Private Limited,Chandigarh,3-8 Yrs,Machine learning,50,PG/Phd,Full Time,700000-1300000,700000,1300000,3
Data Scientist,Aidetic Software Pvt Ltd,Bengaluru,1 - 5 years,PytorchmachineLearning\nPython\nDataScience\nTensorflow\nDeepLearning\nOpencvArtificial Intelligence,50,B.Tech,"Full Time, Permanent",550000-800000,550000,800000,1
Data Scientist,Aidetic Software Pvt.Ltd,Bengaluru,1-5 Yrs,Python\nMachineLearning\nScipy\nOpenCv\nNLTK\nNLP\nDeepLearning,50,UG,Full Time,800000-1500000,800000,1500000,1
Data Scientist,AideticSoftware,Bengaluru,1-5 Yrs,TenserFlow\nDeepLearning\nNumpy\npandas\n MachineLearning,500,UG,Full Time,800000-1500000,800000,1500000,1
Machine Learning Engineer,Aizant Global Analytics Pvt Ltd,Hyderabad,4-7 Yrs,Tensorflow\nANN\nC++\nCNN\nC\ndatamining\nArtificial Intelligence\nNeural Networks,50,PG/Phd,Full Time,1600000-19000000,1600000,19000000,4
Data Scientist,AlgoAnalytics,Pune,1-3 Yrs,NLP\nComputerVision\nDeepLearning\n MachineLearning,500,UG,Full Time,NA,#VALUE!,#VALUE!,1
Data Scientist,AlgonoX Technologies,Hyderabad,2-5 Yrs,Data Science\nJava\nC++\nDocker\nArtificial Intelligence\nImage Processing\nText Analytics\nNatural Language Processing,100,UG/PG,Full Time,NA,#VALUE!,#VALUE!,2
Data Scientist,Aliqan Services Private Limited,Other National Locations,5-10 Yrs,IT Skills\nPython\nBig Data\nwork from home\npysyft\nData Science\nDjango\nBig Data,100,PG/Phd,Full Time,1200000-2100000,1200000,2100000,5
Data Scientist,ALLERIN TECHNOLOGIES Pvt Ltd.,Mumbai,2-7 Yrs,Computer science\nData analysis\nTracking\nMachine learning\nTools\nData collection\nMSC\nData mining,350,UG/PG,Full Time,600000-900000,600000,900000,2
Data Scientist,ALLERIN TECHNOLOGIES Pvt Ltd.,"Navi Mumbai, Mumbai",2-7 Yrs,Computer science\nData analysis\nMachine learning\nData collection\nPredictive modeling\nData mining\nbig data\nMATLAB,350,UG/PG,Full Time,800000-1400000,800000,1400000,2
Data Analyst,Alp Consulting Ltd.,Delhi,4-7 Yrs,Python\nMachineLearning\nDataAnalysis\nNLP\nTensorflow\nDeepLearning,778,UG/PG,Full Time,500000-1300000,500000,1300000,4
Data Scientist,Alpha ICT LLP.,Pune,5-7 Yrs,Computer science\nBusiness objects\nData analysis\nGoogle Analytics\nMachine learning\nTIBCO\nData structures\nFirmware,200,PG/Phd,Full Time,600000-1500000,600000,1500000,5
Python Developer,Amar Technolabs private Ltd,Ahmedabad,0-5 Yrs,ArtificialIntelligence\nMachineLearning\nSQL\nWebDevelopement\nPython\nFlutter\nBigData\nFullStackDev,50,UG/PG,Full Time,100000-500000,100000,500000,0
Applied Scientist - Intern,Amazon India Software Dev Centre Pvt Ltd,Bengaluru,0-2 Yrs,com\nrest\ndevelopment\nc\nsoftware\ndeveloping\nPerl\nCustomer service,100000,UG,Full Time,1200000-1550000,1200000,1550000,0
Software Engineer,Amazon India Software Dev Centre Pvt Ltd,Bengaluru,1-5 Yrs,Computer science\nObject oriented design\nPublishing\nAnalytical\nMachine learning\nData structures\nTechnology solutions\nData mining,100000,UG/PG,Full Time,950000-1300000,950000,1300000,1
Machine Learning Engineer,Amazon,Bengaluru,7-12 years,MachineLearning\nPython,798000,Any Graduate,"Full Time, Permanent",450000-650000,450000,650000,7
Data Scientist,AmyLogic,Bengaluru,4-5 Yrs,technical\nsoftware\nMPP\ntools\nsql\nanalytics\nweb\nMySQL,200,PG/Phd,Full Time,1500000-2100000,1500000,2100000,4
Data Scientist,AmyLogic,Jaipur,4-6 Yrs,Algorithms\nSAS\nWeb analytics\nMySQL\nTools\nJ2Ee\nInformatica\nOracle,200,PG/Phd,Full Time,1800000-2300000,1800000,2300000,4
Data Scientist,Analytics Quotient,Bengaluru,4-9 Yrs,Computer science\nCluster analysis\nPrototype\nNeural networks\nAnalytical\nMachine learning\nMathematics\nResearch,500,PG/Phd,Full Time,1600000-2100000,1600000,2100000,4
Data Analyst,Analytics Vidhya Educon Pvt. Ltd,Noida,0-4 Yrs,data science\nManager Technology\nHTML\nMathematics\nData Analyst\nSPSS\nStatistics\nAnalytics,1500,UG/PG,Full Time,600000-1000000,600000,1000000,0
Data Analyst,Analytics Vidhya Educon Pvt. Ltd,Chennai,5-10 Yrs,Analyst\nSAS R\nAuthor\nHTML\nAnalytics\nAndroid\nPython,1500,PG/Phd,Full Time,NA,#VALUE!,#VALUE!,5
Data Analyst,Analytics Vidhya Educon Pvt. Ltd,Mumbai,10-15 Yrs,MS SQL\nExcel\ndata science\nFinancial reporting\nRDBMS\nDatabase design\nAnalytical\nHTML,1500,PG/Phd,Full Time,1200000-1500000,1200000,1500000,10
Data Analyst,Analytics Vidhya Educon Pvt. Ltd,Bengaluru,8-13 Yrs,Computer science\nNeural networks\nArtificial Intelligence\nMachine learning\nAlgorithm development\nHTML\nNatural language processing\nPattern recognition,1500,Phd,Full Time,700000-1500000,700000,1500000,8
Data Analyst,Analytics Vidhya Educon Pvt. Ltd,Bengaluru,2-4 Yrs,Analytical skills\nLogistic regression\nData analysis\nOperations research\nMachine learning\nHTML\nRisk management\nMATLAB,1500,UG/PG,Full Time,700000-1200000,700000,1200000,2
Data Analyst,Analytics Vidhya Educon Pvt. Ltd,Hyderabad,2-7 Yrs,NoSQL\ndata science\nRDBMS\ncassandra\nHTML\nData mining\nSDLC\nAnalytics,1500,UG/PG,Full Time,NA,#VALUE!,#VALUE!,2
Data Analyst,Analytics Vidhya Educon Pvt. Ltd,Mumbai,3-6 Yrs,Root cause analysis\nFactor analysis\ndata science\nAnalytical\nMachine learning\nAlgorithm development\nHTML\nData mining,1500,PG,Full Time,NA,#VALUE!,#VALUE!,3
Data Analyst,Analytics Vidhya Educon Pvt. Ltd,Bengaluru,8-12 Yrs,data science\nSAS\nWeb analytics\nAnalytical\nSocial media\nHTML\nOmniture\nAnalytics,1500,Phd,Full Time,1200000-1700000,1200000,1700000,8
Data Scientist,Analytics Vidhya Educon Pvt. Ltd,Bengaluru,1-3 Yrs,Computer science\nC++\nData analysis\nAnalytical\nMachine learning\nHTML\nData mining\nAnalytics,1500,UG/PG,Full Time,750000-1200000,750000,1200000,1
Data Scientist,Analytics Vidhya Educon Pvt. Ltd,Noida,0-4 Yrs,data science\nManager Technology\nHTML\nMathematics\nData Analyst\nSPSS\nStatistics\nAnalytics,1500,UG/PG,Full Time,1200000-1700000,1200000,1700000,0
Data Scientist,Analytics Vidhya Educon Pvt. Ltd,Mumbai,2-7 Yrs,Unix\nLinux\nMachine learning\nHTML\nPerl\nPredictive analytics\nRuby\nSQL,1500,UG/PG,Full Time,NA,#VALUE!,#VALUE!,2
Data Scientist,Analytics Vidhya Educon Pvt. Ltd,Bengaluru,1-6 Yrs,Computer science\nAutomation\nData analysis\nAnalytical\nMachine learning\nHTML\nData quality\nAnalytics,1500,UG/PG,Full Time,1800000-2200000,1800000,2200000,1
Data Scientist,Analytics Vidhya Educon Pvt. Ltd,Bengaluru,3-8 Yrs,Computer science\nCoding\nMachine learning\nHTML\nData mining\nAnalytics\nSQL\nAndroid,1500,PG/Phd,Full Time,1200000-1700000,1200000,1700000,3
Data Scientist,Analytics Vidhya Educon Pvt. Ltd,Pune,8-10 Yrs,SAS SQL\ntableau\nData modeling\nAuthor\nHTML\nPredictive modeling\nData analytics\nData mining,1500,Phd,Full Time,1000000-1400000,1000000,1400000,8
Data Scientist,Analytics Vidhya Educon Pvt. Ltd,Bengaluru,5-10 Yrs,C++\nBusiness objects\nSAS\nCognos\nHTML\nPerl\nTeradata\nOpen source,1500,PG/Phd,Full Time,NA,#VALUE!,#VALUE!,5
Data Scientist,Analytics Vidhya Educon Pvt. Ltd,Bengaluru,3-8 Yrs,Data analysis\ndata science\nAnalytical\nMachine learning\nHTML\nData mining\nAnalytics\nFinancial services,1500,PG/Phd,Full Time,700000-1550000,700000,1550000,3
Data Scientist,Analytics Vidhya Educon Pvt. Ltd,Bengaluru,4-5 Yrs,data science\nMachine learning\nDeployment\nAuthor\nHTML\nData mining\nAnalytics\nAndroid,1500,PG/Phd,Full Time,1300000-1700000,1300000,1700000,4
Data Scientist,Analytics Vidhya Educon Pvt. Ltd,Pune,5-10 Yrs,Computer science\nQualitative research\nData analysis\nMachine learning\nHTML\nPredictive modeling\nSPSS\nMultivariate analysis,1500,PG/Phd,Full Time,1600000-2100000,1600000,2100000,5
Data Scientist,Analytics Vidhya Educon Pvt. Ltd,Chennai,7-12 Yrs,Computer science\nWeb analytics\nMachine learning\nData structures\nHTML\nTest cases\nOpen source\nData mining,1500,Phd,Full Time,1900000,#VALUE!,#VALUE!,7
Data Scientist,Analytics Vidhya Educon Pvt. Ltd,Bengaluru,14-16 Yrs,Computer science\nText mining\ndeep learning\nbig data analytics\nArtificial Intelligence\nConsulting\nMachine learning\nHTML,1500,PG/Phd,Full Time,900000-1450000,900000,1450000,14
Data Scientist,Analytics Vidhya Educon Pvt. Ltd,Pune,3-8 Yrs,Social media analytics\nExcel\ndata science\nSAS\nData management\nHTML\nPredictive modeling\nSPSS,1500,PG/Phd,Full Time,500000-800000,500000,800000,3
Machine Learning Engineer,Analytics Vidhya Educon Pvt. Ltd,Noida,0-5 Yrs,NoSQL\nMachine learning\nHTML\nMongoDB\nData mining\nMATLAB\nAnalytics\nSQL,1500,UG/PG,Full Time,1200000-1550000,1200000,1550000,0
Machine Learning Engineer,Analytics Vidhya Educon Pvt. Ltd,Bengaluru,3-5 Yrs,User research\nComputer vision\ndata science\nMachine learning\nData structures\nHTML\nPredictive modeling\nAnalytics,1500,PG,Full Time,1500000-1900000,1500000,1900000,3
Senior Decision Scientist,Analytics Vidhya Educon Pvt. Ltd,Bengaluru,2-7 Yrs,Logistic regression\nData analysis\nOperations research\ndata science\nRisk analytics\nHTML\nRisk management\nMATLAB,1500,UG/PG,Full Time,600000-1700000,600000,1700000,2
Data Scientist,Analytos,India,2-4 Yrs,Text mining\ndeep learning\nNoSQL\nRF\ndata science\nData research\nData modeling\nManager Technology,1000,UG/PG,Full Time,600000-1200000,600000,1200000,2
Data Scientist,Anantara Solutions Private Limited,Chennai,0-1 Yrs,SAN\nFrench\ndata science\nData modeling\nAnalytical\nCook\nManager Technology\nSQL,200,UG,Full Time,500000-1600000,500000,1600000,0
Data Scientist,Ancla Consultancy Services India Pvt Ltd,Hyderabad,6-12 Yrs,Location: Hyderabad\nData Scientist\nExperience: 6-12 yrs,500,Phd,Full Time,NA,#VALUE!,#VALUE!,6
Data Scientist,Angel & Genie,Bengaluru,5-10 Yrs,Data analysis\nGIT\nAnalytical\nMachine learning\nBusiness intelligence\nAnalytics\nFinancial services\nSQL,200,PG/Phd,Full Time,1200000-1700000,1200000,1700000,5
Data Scientist,Angel Broking Limited,Mumbai,3-8 Yrs,data science\nR Programming\nMachine learning\nProgramming\nData quality\ndata visualization\nbig data\nStatistics,500,PG/Phd,Full Time,500000-1200000,500000,1200000,3
Data Scientist,Anicalls,Bengaluru,5 - 9 years,Tableau\nDataScience\nDataVisualization\nPython,500,Any Graduate,"Full Time, Permanent",600000-1100000,600000,1100000,5
Machine Learning Engineer,Animaker,Bengaluru,3-5 Yrs,R\nNLP\nOpen Source\nImage Processing\nTime Series Forecasting\nImage Recognition\nData Visualization\nNLU / NLG,200,PG,Full Time,1300000-1700000,1300000,1700000,3
Data Scientist,Ank Aha Private Limited,Delhi,2-7 Yrs,Graphics\nPolicies\nAlgorithms\nMySQL\nMachine learning\nHypothesis Testing\nSPSS\nEconometrics,50,UG/PG,Full Time,600000-1500000,600000,1500000,2
Data Scientist,Anlage Infotech (I) Pvt. Ltd.,Pune,10-16 Yrs,Data Science\nAI/ML\nPython\nAlgorithm Development\nLogistic Regression\nArtificial Intelligence\nNatural Language Processing\nBig Data,500,PG/Phd,Full Time,1800000-2700000,1800000,2700000,10
Data Scientist,Anlage Infotech (I) Pvt. Ltd.,Bengaluru,7-12 Yrs,natural language processing\ndata science libraries\nDeep learning libraries\nXdata\ndata mining\nJupyter notebook\nmachine learning\nClustering,500,Phd,Full Time,800000-1600000,800000,1600000,7
Machine Learning Engineer,Annire,"Mumbai,Bengaluru",2-7 Yrs,MlAlgorithims\nPython\nStatistics,2000,UG/PG,Full Time,1500000-1800000,1500000,1800000,2
Machine Learning Engineer,Annire,"Mumbai,Bengaluru",5-7 Yrs,MachineLearning\nPython\nAlgorithms,NA,UG/PG,Full Time,1500000-1800000,1500000,1800000,5
Machine Learning Engineer,APHTHARTOS Technologies Pvt Ltd,Gurgaon,2 - 7 years,MachineLearnings\nPython,NA,Any Graduate,"Full Time, Permanent",100000-500000,100000,500000,2
Data Analyst,AutoCAD,"Hyderabad, Pune, Chennai, Delhi, Bengaluru",5-9 Yrs,Python\nMachineLearning\nDataAnalysis\nBusinessAnalysis\nDataManagement\nBusinessInsights,11500,UG,Full Time,700000-1700000,700000,1700000,5
Data Scientist,AVE-Promagne,Noida,3 - 8 years,DataAnalysis\nDataScience\nPredictiveAnalytics\nDataVisualization\nMachineLearning\nML,10,Any Graduate,"Full Time, Permanent",1200000-1600000,1200000,1600000,3
Data Scientist,Axis Placement Consulting,Bengaluru,8 - 13 years,ArtificialIntelligence\nNaturalLanguageProcessing\nMachineLearning,NA,B.Tech/B.E. in Any Specialization,"Full Time, Permanent",450000-950000,450000,950000,8
Python Developer,Azine Technologies,Ahmedabad,4-9 Yrs,Python\nMachineLearning\nDjango\nDeepLearning\nImageProcessing\nComputerVision,200,UG/PG,Full Time,550000-850000,550000,850000,4
Data Scientist,Barrla systems,Chennai,3-5 Yrs,SciPy\nPython\nTenserFlow\nNLP\nDeepLearning,500,UG/PG,Full Time,NA,#VALUE!,#VALUE!,3
Machine Learning Engineer,Bhawan cyber Tech,Chennai,2-7 Yrs,PredictiveModeling\nLogisticRegression\nNaturalLanguageProcessing\nAnalytics,5000,UG/PG,Full Time,600000-1600000,600000,1600000,2
AWS Engineer(AWS glue),Birlasoft,"Pune,Chennai,Bengaluru",6-11 Yrs,AWSglue\netl\nPyhon\nDatawarehouse\nBI\nMachineLearning\nS3\nAWSLambda,10050,PG/Phd,Full Time,450000-700000,450000,700000,6
Data Scientist,BlackBuck,"Gurgaon, Bengaluru",3 - 7 years,DeepLearning\nOperations\nResearchImageProcessing\nDataScience\nMachine learning,2500,Any Graduate,"Full Time, Permanent",800000-1200000,800000,1200000,3
Data Engineer,Boston Consulting Group,"Mumbai,Delhi,Chennai",8-11 Yrs,DataScience\nJava\nSoftwareDevelopment\nAlgorithms\nSoftwareEngineering,"21,000",PG/Phd,Full Time,NA,#VALUE!,#VALUE!,8
Data Scientist,Boston Consulting Group,"Mumbai,Delhi,Chennai",6-10 Yrs,ComputerScience\nAdvancedAnalytics\nSDS\nDataScience\nArtificialIntelligence,"21,000",PG/Phd,Full Time,500000-700000,500000,700000,6
Data Scientist,Boston Consulting Group,"Mumbai,Delhi,Chennai",1-2 Yrs,ComputerScience\nAnalyticalSkills\nAdvancedAnalytics\nSDS\nDataScience,"21,000",UG,Full Time,500000-900000,500000,900000,1
Machine Learning Engineer,Brane Enterprises Pvt Ltd,Hyderabad,3 - 8 years,CNNArtificial IntelligenceData StructuresAINeural NetworksDeep LearningCUDAAlgorithmsNLPAI/MLArtificial Neural NetworksAWSPython,1000,Any Graduate,"Full Time, Permanent",800000-1200000,800000,1200000,3
Data Analyst,Bristlecone,Mumbai,5-10 Yrs,Python\nMachineLearning\nDataAnalysis\nCustomerAnalytics\nBusinessAnalytics,2100,UG/PG,Full Time,1000000-2000000,1000000,2000000,5
Machine Learning Engineer,Budidbud,Mohali,2-4 Yrs,NaturalLanguageProcessing\nDeepLearning\nMachineLearning\nPython,200,UG/PG,Full Time,400000-600000,400000,600000,2
Machine Learning/NLP Expert,Busibud Solutions Pvt Ltd,Jalandhar,2 - 4 years,NaturalLanguageProcessing\nMachineLearning\nPython,200,Any Graduate,"Full Time, Permanent",360000-550000,360000,550000,2
Data Scientist,Buzzworks Business Services Pvt. Ltd.,"Kolkata, Hyderabad, Chennai, Pune",4-9 Yrs,Python\nMachineLearning\nDataAnalysis\nSQL\nDataMining\nStatisticalModeling,15000,UG/PG,Full Time,1500000-3000000,1500000,3000000,4
Machine Learning Engineer,CapeStart,Chennai,2-5 Yrs,Python\nSQL\nML\nTensorFlow\nPytorch\nONXX\nScikit,500,UG/PG,Full Time,600000-900000,600000,900000,2
Data Analyst,Capgemini,Pune,6 - 9 years,DataAnalysis\nExcel\nSAS\nHadoop\nManagerTechnology\nDataAnalystOperations,325000,Any Graduate,"Full Time, Permanent",900000-1200000,900000,1200000,6
Data Scientist,Capgemini,Hyderabad,2 - 7 years,TextMining\nDeepLearning\nCoding\nAnalyticalMachinelearning\nDataVisualization,325000,B.Tech,"Full Time, Permanent",600000-850000,600000,850000,2
Data Scientist,CarbyneTech,"Secunderabad,Hyderabad",4-8 Yrs,MachineLearning\nDeepLearning\nNumpy\nHadoop\nPython\nR\nTimeForeCast,2000,UG,Full Time,NA,#VALUE!,#VALUE!,4
Data Scientist,Caspex,"Noida, Hyderabad, Chennai",4-9 Yrs,Python\nR\nSQL\nMachineLearning\nTableau\nPowerBi,400,UG,Full Time,1500000-2000000,1500000,2000000,4
Machine Learning Engineer,Caspex Corp,"Noida,Hyderabad,Chennai",4-9 Yrs,Python\nExploratoryDataAnalysis\nMachineLearning\nTableau\nR\nAnalysis\Nsql,"1,000",UG/PG,Full Time,750000-950000,750000,950000,4
Machine Learning Engineer,Caspex Corp.,"Noida,Hyderabad,Chennai",4-9 Yrs,Python\nMachineLearning\nDataAnalysis\nSQL\nR\nKNN,1000,UG,Full Time,1500000-2000000,1500000,2000000,4
Data Scientist,Celebal Technologies Pvt Ltd,Noida,3 - 8 years,Python\nMachineLearning\nArtificialIntelligence\nTensorflow\nNeuralNetworks\nNaturalLanguage Processing,5000,Any Graduate,"Full Time, Permanent",500000-950000,500000,950000,3
Data Scientist,Centre for Computational Technologies Pvt. Ltd.,Pune,1 - 3 years,SAN\nDataModeling\nCoding\nCDConsulting\nMachineLearning\nAutodeskdatavisualization,200,Any Graduate,"Full Time, Permanent",1200000-1500000,1200000,1500000,1
Data Analyst,Coforge,Gurgaon,5 - 10 years,Data Extraction\nSQL,21000,Any Graduate,"Full Time, Permanent",360000-500000,360000,500000,5
Machine Learning Engineer,Cogniticia,"Kolkata,Mumbai,Hyderabad,Chennai,Pune",3-8 Yrs,Kubernetes\nPython\nGooleVertix\npredictiveAnalytics\nsql\nAzureMl,500,UG/PG,Full Time,500000-1400000,500000,1400000,3
Data Engineer,Confidential Company,Chennai,12-14 Yrs,SQL\nNoSQL\nAWS\nComputerScience\nPythonPackages\nMachineLearning,"1,000",PG/Phd,Full Time,700000-1400000,700000,1400000,12
Machine Learning Engineer,Congo,Chennai,4-8 Yrs,PyTorch\nKeras\nBoto\nGit\nboto\nAmazonEC2\nubuntu,200,UG/PG,Full Time,600000-950000,600000,950000,4
Data Scientist,Connexions,Bengaluru,5 - 7 years,DataScience\nVisualization\nEDA\nDataScientist\nArtificialIntelligence\nDataManagement\nMachineLearningAlgorithm,1000,B.Tech,"Full Time, Permanent",1500000-1700000,1500000,1700000,5
Machine Learning Engineer,CoreStack,Chennai,5-8 Yrs,Python\nAWS\nNumPy\nPandas\nTimeSeriesforecasting\nTensorflow,200,PG/Phd,Full Time,600000-800000,600000,800000,5
Data Scientist,CRED,Bengaluru,2 - 5 years,DataModeling\nEnterpriseApplications\nAnalyticalConsultingMachineLearning,600,Any Graduate,"Full Time, Permanent",1200000-1600000,1200000,1600000,2
Data Scientist,Crescendo global,Mumbai,6-10 Yrs,BigData\nDeepLearning\nLinearRegression,400,UG,Full Time,1500000-2500000,1500000,2500000,6
Machine Learning Engineer,Cult,"Pune,Ahmedabad,Bengaluru",2-7 Yrs,PyTorch\njava\nHadoop\nDeepLearning\nKeras\nTenserFlow\nML,NA,UG,Full Time,1500000-3000000,1500000,3000000,2
Machine Learning Engineer,Cult HR Organization,"Pune, Ahmedabad, Bengaluru",2-7 Yrs,MachineLearning\nPython\nTensorflow\nJava\nC++\nDeepLearning\nHadoop,100,UG,Full Time,1500000-3000000,1500000,3000000,2
Data Scientist,Cygnus,Hyderabad,5-7 Yrs,SQL\nDeepLearning\nSikitLearn\npandas,200,UG/PG,Full Time,1000000-1600000,1000000,1600000,5
Data Scientist,Cyient,Hyderabad,6 - 11 years,DataMining\nMonitoring\nPython,10000,Any Graduate,"Full Time, Permanent",500000-750000,500000,750000,6
Data Scientist,CYIENT,Hyderabad,5-10 Yrs,Python\nSQL\nAzureML\nMachineLearning\nNLP\nAzureDatabricks\nDataAnalysis\nScala,10000,UG/PG,Full Time,1000000-1500000,1000000,1500000,5
Data Analyst,DataBeat,Hyderabad,2-7 Yrs,Python\nMachineLearning\nDataMining\nSQL\nFrontEnd\nDataAnalysis,50,UG,Full Time,720000-1200000,720000,1200000,2
Data Analyst,DBS,Mumbai,3-8 Yrs,DataAnalysis\nPython\nMachineLearning\nMySQL\nTensorflow\nSAS\nHADOOP,21000,UG/PG,Full Time,1000000-1300000,1000000,1300000,3
Machine Learning Engineer,Decimal point innovative,"Mumbai,Gandhinagar,Nasik",0-2 Yrs,Automation\nSQL\nDataMining\n DataVisualization\nMonitoring\nPython,200,UG,Full Time,500000-800000,500000,800000,0
Data Scientist,Deepsphere AI india,Chennai,3-7 Yrs,Kafka\nPython\nScala\nkubernetes\njupyter,50,UG/PG,Full Time,375000-800000,375000,800000,3
Machine Learning Engineer,Dell,Bengaluru,2-7 Yrs,Python\nMachineLearning\nApacheSpark\nApacheKafka\nMangoDB\nTensorflow\nSQL\nDataScience,158000,UG,Full Time,NA,#VALUE!,#VALUE!,2
Machine Learning Engineer,Dell,Bengaluru,2-7 Yrs,Apache\nSpark\nkafka\nPython\nArtificalIntelligence\nMachineLearning,100000,UG,Full Time,NA,#VALUE!,#VALUE!,2
Data Scientist,Dell Technologies,Bengaluru,6 - 11 years,RSQL\nPython\nDataScience\nExploratoryData Analysis\nArtificialIntelligence\nRiskAnalyticsTableau,158000,Any Graduate,"Full Time, Permanent",550000-1000000,550000,1000000,6
Data Scientist,Demographic HR Services,Mumbai,1-5 Yrs,Python\nMachineLearning\nDataAnalysis\nDataScience\nPowerBi\nTableau,3500,UG,Full Time,100000-500000,100000,500000,1
Data Engineer,DMI Innovations Pvt. Ltd,Noida,3 - 7 years,DataEngineer\nMachineLearning\nArtificialIntelligence,5000,B.Tech/MCA/MSc/PhD,"Full Time, Permanent",NA,#VALUE!,#VALUE!,3
Data Scientist,Dream11,Mumbai,4-9 Yrs,Python\nMachineLearning\nDataAnalysis\nCassandra\nMySQL\nMangoDB\nAndroid\nDataProcessing,542,UG,Full Time,2300000-3000000,2300000,3000000,4
Machine Learning Engineer,Drive visual,Chennai,0-2 Yrs,MachineLearning\nPython\nAlgorithms,50,UG/PG,Full Time,300000-450000,300000,450000,0
Data Engineer,Essence,New Delhi,1-3 Yrs,Python\nMachineLearning\nDataAnalysis\nBigData\nDataScience\nR\nDigitalMarketing,2000,UG/PG,Full Time,980000,#VALUE!,#VALUE!,1
Machine Learning Engineer,Ethos Life,Bengaluru,1 - 5 years,DataScienceAlgorithms\nNaturalLanguageProcessing\nBigData\nResearchMachineLearning\nDeepLearningPython,500,Any Graduate,"Full Time, Permanent",1400000-2100000,1400000,2100000,1
Data Analyst,Everest Fleet Pvt. Ltd.,Thane,4-8 Yrs,MachineLearning\nDataAnalysis\nGoogleSheets\nDataManagement,200,UG,Full Time,600000-850000,600000,850000,4
Data Scientist,EXL,"Noida, Hyderabad, Gurgaon, Bengaluru",1-6 Yrs,MachineLearning\nDeepLearning\nNlp\nArtificialIntelligence\nGraphNeuralNetwork\nReinforcementLearning,21000,UG/PG,Full Time,NA,#VALUE!,#VALUE!,1
Machine Learning Engineer,EXL,Bengaluru,1-6 years,DataEngineering\nKeras\nMachineLearning\nPython\nML\nSQL,31000,Any Graduate,"Full Time, Permanent",1500000-1700000,1500000,1700000,1
Data Scientist,Exponent,Mumbai jaipur,1-6 Yrs,DataScience\nNaturalLanguageProcessing\nDeepLearning\nComputerVision\nSpark,500,UG/PG,Full Time,2000000-3500000,2000000,3500000,1
Data Scientist,Fire Eye,Bengaluru,6-10 Yrs,ComputerVision\nDeepLearning\nDataMining\nPython\nMATLAB\nSupervision,500,UG/PG,Full Time,NA,#VALUE!,#VALUE!,6
Data Scientist,First Meridian,Chennai,10-16 Yrs,Python\nDataScience\nMachineLearning\nstatistics,659,UG/PG,Full Time,2500000-3500000,2500000,3500000,10
Data Scientist,Flipkart,Bengaluru,5 - 8 years,DataScience\nE-commerce\nStatistics,50000,Any Graduate,"Full Time, Permanent",400000-600000,400000,600000,5
Data Scientist,Fractal Analytics,Bengaluru,3-7 Yrs,Python\nSupplyChainManagement\nLinux\nRDBMS\nDataStructures\nSEM,2500,UG,Full Time,NA,#VALUE!,#VALUE!,3
Data Scientist,Freshdesk,Bengaluru,5 - 8 years,DataScience\nNLP\nMachineLearningAlgorithms,4141,Any Graduate,"Full Time, Permanent",900000-1900000,900000,1900000,5
Data Scientist,GadgEon,Kochi,1-6 years,DataScience\nMachineLearning,1000,Any Graduate,"Full Time, Permanent",1000000-2000000,1000000,2000000,1
Machine Learning Engineer,Gadgeon,Kochi,2-6 Yrs,Maths\nAlgorithms\nArtificalIntelligence\nstatistics\nPython,500,UG/PG,Full Time,1000000-2000000,1000000,2000000,2
Data Scientist,Gempact,Bengaluru,3-8 Yrs,Python\nMachineLearning\nDataScience\nNLP\nArtificialIntelligence,77000,UG,Full Time,1000000-2000000,1000000,2000000,3
Data Scientist,Genie Talk,Indore,3 - 5 years,DataScience\nDataScientist\nNaturalLanguageProcessing\nNeural Networks\nDataMining\nData Collection\nMachineLearning\nDeepLearning,150,Any Graduate,"Full Time, Permanent",NA,#VALUE!,#VALUE!,3
Data Analyst,Genpact,"Mumbai,Chennai,Bengaluru,Pune,Hyderabad,Gurgaon",4-9 Yrs,Python\nR\nDataAnalytics\nTimeseries\nModelBuilding\nForecastingModels,"1,00,000",UG/PG,Full Time,600000-800000,600000,800000,4
Data Scientist,Genpact,Bengaluru,5-10 years,DataScience\nNLP\nMachineLearning\nAlgorithms,109600,MSc/Mtech Statistics or Computing,"Full Time, Permanent",500000-1500000,500000,1500000,5
Data Scientist,Genpact,Bengaluru,3-8 Yrs,MachineLearning\nArtificalIntelligence\nForecasting\nPython,50000,UG,Full Time,1000000-2000000,1000000,2000000,3
Data Analyst,Gloinnt,Chennai,4-7 Yrs,DataAnalysis\nSQL\nPython\nmachineLearning\nSSRS\nSSIS\nMicrosoft,200,UG,Full Time,360000-500000,360000,500000,4
Data Analyst,Gojek,Bengaluru,3-9 Yrs,SQL\nPython\nMachineLearning\nStatisticalAnalysis\nDataAnalytics\nDBMS,3000,UG/PG,Full Time,1000000-1500000,1000000,1500000,3
Data Analyst,Gojek,Bengaluru,3-8 Yrs,SQL\nPython\nMachineLearning\nStatisticalAnalysis\nDataAnalytics\nCRM\nDigitalMarketing,3000,UG/PG,Full TIme,2200000-2500000,2200000,2500000,3
Data Engineer,Goodyear,"Bengaluru, Delhi",8-13 Yrs,Python\nAWS\nDataAnalysis\nDataScience\nBigDataTechnology\nCloud,726,PG,Full Time,1100000-1800000,1100000,1800000,8
Cloud Migration Consultant,Google,Bengaluru,2-6 Yrs,ProductManagement\nMachineLearning\nArtificialIntelligence\nDataAnalysis\nComputerVision,135000,UG/PG,Full Time,2200000-2900000,2200000,2900000,2
Software Engineer,Google,Bengaluru,5-10 Yrs,MachineLearning\nArtificialIntelligence\nDeBugging\nDataStructures\nDataAnalysis\nSoftwareDesign,135000,UG/PG,Full Time,1200000-3000000,1200000,3000000,5
Machine Learning Engineer,GRAINPAD,Mohali,1 - 5 years,DataScience\nNLP\nMachineLearningAlgorithms,10,B.Tech,"Full Time, Permanent",800000-1000000,800000,1000000,1
Machine Learning Engineer,Grainpad,"Mohali,New Delhi,Chandigarh",1-5 Yrs,DeepLearning\nCnn\nLstm\nArtificalIntelligence\nDataScience,5000,UG/PG,Full Time,900000-1200000,900000,1200000,1
Data Scientist,Gravity,Bengaluru,0-4 Yrs,Django\nDeepLearning\nReactJs\nMachineLearning,50,UG/PG,Full Time,360000-1000000,360000,1000000,0
Data Scientist,Great Lakes E-Learning Services Pvt. Ltd.,"Gurgaon, Bengaluru",1-6 yrs,DataScience\nMachineLearning\nPython\nPredictiveModeling\nDeepLearning,1000,UG/PG,Full Time,600000-1100000,600000,1100000,1
Data Analyst,GUS Global Services,Gurgaon,3-4 Yrs,R\nSQL\nPython\nMachineLearning\nPowerBi\nTableau\nDataAnalytics,500,UG/PG,Full Time,NA,#VALUE!,#VALUE!,3
COE Lead- Artificial Intelligence,Hanu Software Solutions,Remote,9-14 Yrs,Python\nMachineLearning\nAzure\nAzureMLStudio\nADL\nDeepLearning\nArtificialIntelligence\nAzureDataLakes,700,UG/PG,Full Time,3000000-4500000,3000000,4500000,9
Data Engineer,HCL,"Hyderabad,Chennai,Bengaluru",3-8 Yrs,ITSkills\nPython\nTesting\nDatasScience\nMachineLearning\nConfluence\nCassandra,"1,90,000",UG/PG,Full Time,950000-1300000,950000,1300000,3
Machine Learning Engineer,HCL,"Chennai,Bengaluru,Delhi",0 Yrs,Java\nMachineLearning\nArtificalIntelligence\nDBMS,100000,UG,Full Time,2750000,#VALUE!,#VALUE!,#VALUE!
Data Scientist,Hewlett-Packard (HP),Bengaluru,7 - 10 years,DataModeling\nDataScience\nDataScientistmodel\nArchitecture\nMachineLearningModels,59000,Any Graduate,"Full Time, Permanent",900000-1900000,900000,1900000,7
Machine Learning Engineer,HopeQure Wellness Soutions Pvt. Ltd.,Noida,2-5 Yrs,Python\nMachineLearning\nDataScience\nDeepLearning\nNlP\nArtificialIntelligence,650,UG/PG,Full Time,600000-800000,600000,800000,2
Machine Learning Engineer,HP,Chennai,4-8 Yrs,DeepLearning\nProductionSupport\nProductionSystems\nVersionControl\nBugTracking,"51,000",UG/PG,Full Time,1200000-1850000,1200000,1850000,4
Machine Learning Engineer,Hubino,Chennai,2-3 Yrs,C++\nComputervision\nTimeseries\nARM\nImageProcessing,200,UG/PG,Full Time,500000-900000,500000,900000,2
Data Analyst,HUDL India Pvt. Ltd.,"Mumbai, Pune, Bengaluru",5-10 Yrs,Tableau\nMachineLearning\nDataAnalysis\nDBT\nDaataModeling\nQlik\nEtl\nStatisticalModeling,2200,UG/PG,Full Time,1800000-2500000,1800000,2500000,5
Machine Learning Engineer,Huquo Consulting Pvt Ltd,Bengaluru,3 - 8 years,PredictiveModeling\nExcel\nProbability\nBusinessCommunicationSkills\nDataAnalytics\nMachine Learning\nBusinessDesignAnalytics,50,Any Graduate,"Full Time, Permanent",NA,#VALUE!,#VALUE!,3
Technical Architect,Hurix,Remote,5-10 Yrs,NoSQL\nNeo4J\nDjango\nMLAndAI\nCassandra\nDRF\nMangoDB\nAWS\nPython,1000,UG/PG,Full Time,2500000-4000000,2500000,4000000,5
Artificial Intelligence Architect,Hurix Digital,Remote,5-10 Yrs,Python\nMachineLearning\nNoSQL\nDjango\nNeo4J\nCassandra\nMangoDB\nAWS\nArtificialIntelligence,1000,UG,Full Time,2500000-4000000,2500000,4000000,5
Data Scientist,Hyper Automation Solutions Private Limited,Indore,2 - 6 years,CommunicationSkills\nArtificialIntelligence\nDataManagement\nProblemSolving\nDataAnalysis\nMachine Learning\nPython,500,B.Tech/Mtech/MSc,"Full Time, Permanent",1500000-2000000,1500000,2000000,2
Machine Learning Engineer,HyreFox Consultants pvt Ltd,Jaipur,3 - 7 years,ComputerScience\nC++\nAnalyticalArtificialIntelligence\nMachine learning\nLISPPatternRecognition,200,Any Graduate,"Full Time, Permanent",500000-1000000,500000,1000000,3
Data Scientist,IBM,Bengaluru,8-12 years,Consulting\nMachineLearning\nPredictiveModeling\nSPSS\nOpenSourceForecasting\nMATLAB,400000,B.Tech,"Full Time, Permanent",1500000-2000000,1500000,2000000,8
Data Scientist,IBM,Bengaluru,5-7 Yrs,DataModeling\nPython\nDataStructures\nDeepLearning,100000,UG/PG,Full Time,500000-1300000,500000,1300000,5
Machine Learning Engineer,IBM,Bengaluru,4-6 Yrs,BigData\nPython\nDeepLearning\nInterpersonalSkills\nAWS\nCloudComputing\nApplicationDevelopement,400000,UG,Full Time,NA,#VALUE!,#VALUE!,4
Test Specialist:Middleware,IBM,Chennai,4-8 Yrs,Automation\nDataAnalysis\nCoding\nTestmanagement\nAnalytical\nDebugging,"3,45,000",UG/PG,Full Time,600000-1100000,600000,1100000,4
Data Analyst,Icon Clinical Research,Chennai,8-10 Yrs,DataAnalysis\nAssurance\nGoogleAnalytics\nWorkManagement\nProcessimprovement,200,PG/Phd,Full Time,100000-500000,100000,500000,8
Data Analyst,Icon Clinical Research,Chennai,9-10 Yrs,Graphics\nComputerScience\nC++\nLinux\nMachineLearning\nWindows\nTestcases,200,PG/Phd,Full Time,1500000-2000000,1500000,2000000,9
Machine Learning Engineer,IDBRT,Hyderabad,3-8 Yrs,MachineLearning\nPython\nCloudComputing\nChatBotDevelopement\nComputerVision\nVirtualization,NA,UG/PG,Full Time,750000-1200000,750000,1200000,3
Data Analyst,IDFC first Bank,Mumbai,5-9 yrs,PowerBi\nMachineLearning\nDataAnalysis\nTableau\nSAS\nAuditing,21000,UG/PG,Full Time,720000-1150000,720000,1150000,5
Data Scientist,IEMS,Pune,2-5 Yrs,Cnn\nRnn\nRegressionTimeSeries\nMl\nNLP,NA,UG,Full Time,1200000-1500000,1200000,1500000,2
Data Scientist,Ignatiuz Software Pvt. Ltd,Indore,3 - 8 years,ComputerScience\nAutomation\nDataScience\nAnalyticalWeb development\nMachineLearning,200,Any Graduate,"Full Time, Permanent",650000-950000,650000,950000,3
Machine Learning Engineer,IIT Madras,Chennai,2-3 Yrs,ObjectDetection\nDeepLearning\nComputervision,"2,000",UG/PG,Full Time,600000-1100000,600000,1100000,2
Machine Learning Engineer,iKomet Technology Solutions,Chennai,3-5 Yrs,Python\nMachineLearning\nAI\nPythonLibraries\nNLP\nDataScience\nBigData,50,UG/PG,Full Time,800000-1100000,800000,1100000,3
Data Scientist,iLink Systems,"Chennai,Bengaluru,Pune",3-8 Yrs,MachineLearning\nDeepLearning\nPython\nPowerBI\nAzureML\nNumPy\nTableau,500,UG/PG,Full Time,800000-1000000,800000,1000000,3
Data Scientist,Imerys,Hyderabad,3-6 Yrs,Python\nMachineLearning\nDataAnalysis\nDataManagement\nGoogleAppScript,16800,UG/PG,Full Time,500000-1000000,500000,1000000,3
Teradata Administrator,Incedo,Chennai,3-8 Yrs,DBA\nTeradata\nSQL\nDataScience\nConsulting\nProgramManagement,"1,350",UG/PG,Full Time,1800000-2200000,1800000,2200000,3
Machine Learning Engineer,IndiaMART,Noida,1 - 3 years,Algorithms\nDataExtraction\nMachineLearning\nPython,3049,B.Tech,"Full Time, Permanent",NA,#VALUE!,#VALUE!,1
Software Engineer,Ingram Micro,Chennai,3-8 Yrs,ITSkills\nJava\nPython\nTesting\nMachineLearning\nArtificialIntelligence\nCloud,"35,000",UG/PG,Full Time,700000-1400000,700000,1400000,3
Data Scientist,INK IT Solutions,"Noida,Bengaluru",3-5 Yrs,Statistics\nModeling\nDeepLearning\nMachineLearning,200,UG/PG,Full Time,150000,#VALUE!,#VALUE!,3
Data Scientist,INK IT Solutions and Consulting,Bengaluru,3 - 5 years,StatisticsModelling\nPython,200,B.Tech/B.E. in Any Specialization,"Full Time, Permanent",NA,#VALUE!,#VALUE!,3
Machine Learning Engineer,Innodata,Noida,3-4 Yrs,Python\nDataMining\nMachineLearning\nNLP\nAWS\nGCP\nAzure,5000,UG,Full Time,800000-1000000,800000,1000000,3
Machine Learning Engineer,Innodata Isogen,Delhi,3-4 yrs,Python\nMachineLearning\nDataScience\nNLP\nArtificialIntelligence\nTextMining,5000,UG/PG,Full Time,800000-1000000,800000,1000000,3
Data Scientist,Innominds,"Bengaluru,Hyderabad",2-7 Yrs,DeepLearning\nDataMining\nDataModeling,500,UG/PG,Full Time,NA,#VALUE!,#VALUE!,2
Machine Learning Engineer,Innoplexus Consultinng Services Pvt. Ltd.,Pune,7-12 Yrs,Python\nMachineLearning\nDataScience\nProjectManagement\nReact\nNLP\nPMP\nUI\nMangoDB\nAgile,500,UG,Full Time,1200000-1600000,1200000,1600000,7
Machine Learning Architect,Innova Solutions,"Chennai,Pune",10-20 Yrs,AWS S3\nMachineLearning\nBigData\nPython\nJupyter\nCassandra\nStrata,"5,000",PG,Full Time,800000-1300000,800000,1300000,10
Software Engineer,Intelliswift,"Pune,Ahmedabad,Chennai,Bengaluru,Delhi,Mumbai",5-10 Yrs,ITSkills\nJava\nJ2EE\nPython\nMachineLearning\n.Net\nTableau\nasp.net,"5,000",UG/PG,Full Time,600000-1200000,600000,1200000,5
Data Scientist,Jio,"Hyderabad,Bengaluru,Mumbai,Gurgaon",2-6 Yrs,NLP\nComputerVision\nPython\NPyTorch\nTenserFlow,50000,UG/PG,Full TIme,NA,#VALUE!,#VALUE!,2
Machine Learning Engineer,JK Technosoft,Noida,4 - 5 years,DeepLearning\nAlgorithms\nNLP\nMachineLearning\nArtificialIntelligence\nUnsupervisedLearning,10,B.Tech/B.E. in Any Specialization,"Full Time, Permanent",100000-500000,100000,500000,4
Data Engineer,Jubilant Foodworks,Noida,12 - 14 years,Data Engineering,21174,Any Graduate,Full Time,400000-700000,400000,700000,12
Data Analyst,Jubliant Foodworks,Mumbai,7-12 Yrs,Python\nMachineLearning\nDataAnalysis\nExcel\nPowerpoint\nPowerBi,22000,UG,Full Time,900000-1200000,900000,1200000,7
Data Scientist,Jumio,Jaipur,4 - 6 years,R\nPowerBI\nStatistics\nAnalytics\nPython\nSQL,1085,Any Graduate,"Full Time, Permanent",1500000-1700000,1500000,1700000,4
"Engineer,Product Applications",Kla Tencor,Chennai,3-7 Yrs,DataAnalysis\nChipDesign\nAnalytical\nProcessControl\nPackaging,"12,000",UG/PG,Full Time,750000-1200000,750000,1200000,3
Data Scientist,Kwalee India Pvt. Ltd.,Bengaluru,1-6 Yrs,DataScience\nNoSQL\nTensorflow\nMachineLearning\nDeepLearning\nSQL\nDBMS,200,UG,Full Time,NA,#VALUE!,#VALUE!,1
Data Scientist,Larsen & Toubro(L&T),"Mysore,Chennai,Hyderabad",4-6 Yrs,NLP\nPytorch\nMachineLearning\nDeepLearning\nDataScience\nDataMining\nTensorflow,"3,30,000",UG/PG,Full Time,650000-1400000,650000,1400000,4
Data Scientist,Louis Dreyfus,Bengaluru,0-3 Yrs,Python\nComputerVision\nMachineLearning\nMaths\nstatistics\nSQL,5000,PG,Full Time,NA,#VALUE!,#VALUE!,0
Data Analyst,Mace Group,Gurgaon,3-7 years,BusinessIntelligence\nMicrosoft\nContinuousImprovement\nVisualDesign,24,Any Graduate,Full Time,500000-1300000,500000,1300000,3
Data Analyst,Matrix HR Technologies Pvt. Ltd.,Bengaluru,4-9 Yrs,Python\nMachineLearning\nDataAnalysis\nSQL\nExcel\nPoweBi\nTableau,200,UG,Full Time,1000000-2000000,1000000,2000000,4
Data Analyst,Max Life Insurance,Gurgaon,2-5 yrs,Python\nMachineLearning\nDataAnalysis\nDataScience\nArtificialIntelligence\nDeepLearning,12082,UG/PG,Full Time,1000000-1300000,1000000,1300000,2
Machine Learning Engineer,Max life insurance,Gurgaon,2-5 Yrs,Dnn\nRnn\nLtsm\nMl\nDl\nNlp,50000,PG,Full Time,1000000-1300000,1000000,1300000,2
Data Analyst,Maximus Global Consulting Services LLP,Mumbai,2-7 Yrs,Python\nMachineLearning\nDataAnalysis\nSQLDatabase\nR\nExcelVba,174,UG,Full Time,1200000-1600000,1200000,1600000,2
Data Scientist,Micron,Hyderabad,0-1,DataScience\n DataVisualization\nMachineLearning\nPython,200,UG,Internship,NA,#VALUE!,#VALUE!,0
Data Scientist,Micron Tech,Hyderabad,8 - 13 years,HBase\nHiveSpark\nTensorflow\nMachineLearning\nSQL\nDataScience,40000,B.Tech/MCA/MSc/PhD,"Full Time, Permanent",NA,#VALUE!,#VALUE!,8
Data Scientist,Micron Tech,Hyderabad,5-10 Yrs,MachineLearning\nDeepLearning\nComputerVisionn\nNlp,NA,UG/PG,Full Time,NA,#VALUE!,#VALUE!,5
Data Scientist,Microsoft,Noida,5 - 9 years,ComputerScience\nC++\nCloudApplications\nMachineLearning\nCloudOnlineAdvertising,181000,Any Graduate,"Full Time, Permanent",1200000-1700000,1200000,1700000,5
Machine Learning Engineer,Microsoft,Bengaluru,4-8 Yrs,Python\nMachineLearning\nC++\nDataAnalysis\nDeepLearning\nComputerVision,144000,UG/PG,Full Time,3500000-4000000,3500000,4000000,4
Data Scientist,Mindtree,India,9-14 Yrs,DataScience\nDeepLearning\nComputerVision\nMachineLearning\nDataMining,50000,UG/PG/PHD,Full Time,100000-500000,100000,500000,9
Data Scientist,Minions Ventures,Bengaluru,3 - 4 years,TextMining\nDataMining\nComputerScience\nMachine Learning,144,Any Graduate,"Full Time, Permanent",NA,#VALUE!,#VALUE!,3
Data Scientist,MNA solutions,Remote,8-13 Yrs,Python\nComputerVision\nMachineLearning\Spark,50,UG/PG,Full Time,NA,#VALUE!,#VALUE!,8
Data Scientist,Mobiotics,Bengaluru,2-5 Yrs,BigDataAnalytics\nNumpy\nDeepLearning\nKafka\nMangoDB,50,UG,Full Time,500000-1000000,500000,1000000,2
Data Scientist,Mphasis,Bengaluru,7-10 years,Tensorflow\nC++\nAlgorithms\nOpencv\nImageProcessing,29473,B.Tech,"Full Time, Permanent",500000-750000,500000,750000,7
Machine Learning Engineer,MulticoreWare,Chennai,1-6 Yrs,SoftwareDevelopment\nAlgorithms\nC++\nDataStructures\nComputerScience\nMachineLearning,300,UG/PG,Full Time,800000-1200000,800000,1200000,1
Software Engineer,MulticoreWare,Chennai,1-6 Yrs,DLFrameworks\nAlgorithms\nOpenCV\nTensorFlow\nAnalytical\nC\nMachineLearning,300,UG/PG,Full Time,800000-1000000,800000,1000000,1
Data Analyst,Myntra,Bengaluru,2-4 Yrs,Java\nR\nPython\nMachineLearning\nDataAnalytics\nScala\nBigData\nSpark,42000,UG/PG,Full Time,360000-1000000,360000,1000000,2
Data Analyst,Myntra,Bengaluru,3-5 Yrs,Java\nR\nPython\nMachineLearning\nDataAnalytics\nScala\nBigData\nSpark,42000,UG/PG,Full Time,500000-1500000,500000,1500000,3
Data Scientist,NEC,"Noida,Gurgaon",6-11 Yrs,DataScience\nNaturalLanguageProcessing\nDeepLearning\nComputerVision\nDataMining,5000,UG/PG,Full Time,2250000-3750000,2250000,3750000,6
Tibco Spotfire Developer,Ness,"Mumbai,Hyderabad,Chennai,Bengaluru",4-9 Yrs,Spotfire\nTibco\nSQL\nStoredProcedures\nSQLqueries\nDatavisualization\nAnalytics,"3,500",UG/PG,Full Time,550000-750000,550000,750000,4
Machine Learning Architect,Netmeds.com,Chennai,5-10 Yrs,EMR\nCI\nAzure\nDatapipeline\nMachineLearning\nSnowflake\nBlob\nSpark\nPowerBI,500,PG/Phd,Full Time,600000-1200000,600000,1200000,5
Data Scientist,Networth corp,Bengaluru,1-5 Yrs,DataScience\npredictiveAnalytics\nExcel\nAlgorithm,440,UG/PG,Full Time,500000-1500000,500000,1500000,1
Data Scientist,Newgen Software,Noida,2-4 years,python\nNLP\nMachineLearning\nStatistics,5000,UG -B.Tech/B.E. in Computers,Full Time,500000-900000,500000,900000,2
Machine Learning Engineer,NeXHS Renewables Pvt Ltd,Chennai,2-3 Yrs,MachineLearning\nPython\nDeepLearning\nTableau\nComputervision\nDataScience\nTensorflow,50,UG/PG,Full Time,800000-1300000,800000,1300000,2
Data Scientist,Nihilent,Gurgaon,5 - 8 years,DataScience\nAnalyticalMathematics\nBigData\nStatistics\nAnalytics\nPython,5000,Any Graduate,Full Time,800000-1200000,800000,1200000,5
Data Analyst,Novartis Healthcare,Hyderabad,1-3 Yrs,Python\nMachineLearning\nDataScience\nDataAnalysis\nTimeSeries\nDataMining\nDeepLearning\nNLP,125000,UG/PG,Full Time,500000-1000000,500000,1000000,1
Data Scientist,Novartis Healthcare,Hyderabad,7-12 Yrs,Python\nMachineLearning\nDataScience\nDataAnalysis\nTimeSeries\nTextMining\nDeepLearning\nNLP,125000,UG,Full Time,700000-1500000,700000,1500000,7
Data Scientist,NTT Data,Noida,0 years,ArtificialIntelligence\nPython\nSQL,139500,B.Tech,"Full Time, Permanent",1600000-1900000,1600000,1900000,#VALUE!
Systems Integration Specialist,NTT Data,Bengaluru,3-6 Yrs,Python\nMachineLearning\nDataAnalysis\nNoSQL\nRDBMS\nSQLDatabase\nScrum,139500,UG/PG,Full Time,NA,#VALUE!,#VALUE!,3
Machine Learning Engineer,Omnex,Chennai,2-4 Yrs,asp.net\nJQuery\nPython\nMachineLearning\nAI\nComputerScience\nNLP\nITSkills,500,UG/PG,Full Time,1000000-1400000,1000000,1400000,2
Data Scientist,Onpassive,Hyderabad,2-7 years,MachineLearning\nDeepLearning,1065,Any Graduate,"Full Time, Permanent",450000-750000,450000,750000,2
Machine Learning Engineer,Ontrack,Chennai,4-5 Yrs,Yolo\nAzure\nPython\nAzurePipelines\nDeepLearning,200,UG/PG,Full Time,1500000-2500000,1500000,2500000,4
Machine Learning Engineer,Onward Technologies Ltd.,Bengaluru,4-8 Yrs,DataAnalytics\nDataframe\nMachineLeearning\SparkSQL\nPython\nPyspark,3000,UG/PG,Full Time,1500000-2000000,1500000,2000000,4
Data Scientist,OpsMx,Hyderabad,7 - 12 years,DataScience\nNLP\nMachineLearningAlgorithms,139,BCA/B.Tech,"Full Time, Permanent",700000-1700000,700000,1700000,7
Machine Learning Engineer,Optimal,Remote,2-4 Yrs,NLP\nComputerVision\nDeepLearning\nNumpy,NA,UG/PG,Full Time,600000-900000,600000,900000,2
Machine Learning Engineer,OptiSol,Chennai,1-5 Yrs,AWS\nOpenCV\nKeras\nRESTful API\nGit\nNoSQL,500,UG/PG,Full Time,500000-1000000,500000,1000000,1
Data Scientist,OPTUM,Bengaluru,2-5 years,Python\nBigdata\nMachineLearning,110000,Any Graduate,"Full Time, Permanent",450000-650000,450000,650000,2
Data Scientist,Optum,Hyderabad,15-20 Yrs,R\nSQL\nPython\nMachineLearning\nHadoop\nTableau\nDataScience\nStatistics,115000,UG/PG,Full Time,3000000-4000000,3000000,4000000,15
Data Scientist,Oracle,Hyderabad,3-6 years,Python\nAlgorithms\nDataStructures,138000,Any Graduate,"Full Time, Permanent",360000-500000,360000,500000,3
Machine Learning Engineer,Orange Business services,Gurgaon,3-7 yrs,R\nSQL\nPython\nMachineLearning\n\nDataScience\nMATLAB\nHIVE\nDeepLearning\nPowerBi,21000,UG/PG,Full Time,550000-1500000,550000,1500000,3
Data Scientist,Origo Commodities India Pvt Ltd,Gurgaon,4 - 8 years,Modeling\nBigData\nAnalytics\nAgriArtificialIntelligence\nHadoop\nDataMining\nMachineLearning\nSQL,5000,"BCA in Any Specialization, B.Tech/B.E. in Any Specializatio","Full Time, Permanent",1800000-2500000,1800000,2500000,4
Data Scientist,OyoRooms,Hyderabad,2 - 7 years,DataScience\nMachineLearning\nDeep Learning,5103,Any Graduate,"Full Time, Permanent",450000-950000,450000,950000,2
Data Scientist,PayPal,Chennai,6-10 Yrs,Unix\nComputerScience\nOperationsResearch\nPaymentProcessing\nDataScience,"26,500",PG/Phd,Full Time,900000-1450000,900000,1450000,6
Data Scientist,PayPal,Chennai,4-8 Yrs,DataScience\nStrategicPartnerships\nMachineLearning\Nscala\nWellness,"26,500",UG/PG,Full Time,1500000-2300000,1500000,2300000,4
Software Engineer,PayPal,Chennai,6-9 Yrs,ComputerScience\nDataModeling\nShellScripting\nMachineLearning\nCustomersupport,"26,500",PG/Phd,Full Time,550000-950000,550000,950000,6
Data Analyst,Paytm,"Noida, Bengaluru",2-7 Yrs,DataAnalysis\nPython\nMachineLearning\nSQL\nMIS\nEconometrics,5000,UG/PG,Full Time,380000-1500000,380000,1500000,2
Data Scientist,Paytm,"Noida, Delhi",1 - 6 years,MachineLearning\nSQL,11500,Any Graduate,"Full Time, Permanent",650000-850000,650000,850000,1
Data Analyst,PayU,Bengaluru,2-7 Yrs,SQL\nMachineLearning\nDataAnalysis\nMySQL\nDb2\nBigData,1500,UG/PG,Full Time,1800000-2500000,1800000,2500000,2
Machine Learning Engineer,PERSOLKELLY India,Chennai,3-8 Yrs,Python\nNLP\nDeepLearning\Naws,500,UG/PG,Full Time,600000-900000,600000,900000,3
Software Engineer,Philips,Bengaluru,9-13 Yrs,DeepLearning\nNLP\nPython\nMachineLearning\nSQL\nFrontEnd\nOnclology\nDataAnalysis,82000,UG/PG,Full Time,800000-1200000,800000,1200000,9
Machine Learning Engineer,Pinnacleworks Infotech Pvt Ltd,Gurgaon,3 - 8 years,Machinelearning\nalogorithm\nSpeechRecognition\nNueralNetworks\nArtificialIntelligence,50,Any Graduate,"Full Time, Permanent",1000000-2000000,1000000,2000000,3
Machine Learning Engineer,Poshmark,Chennai,3-8 Yrs,MachineLearning\nC++\nJavaScript\nSQL\nDataModeling\nDataAnalysis,500,UG/PG,Full Time,400000-700000,400000,700000,3
Data Scientist,Precisely,Noida,3 - 6 years,ProductManagement\nComputerScience\nDataManagement\nAnalyticalDataQuality\nTroubleShooting\nDataMining\nSQL\nPython,5000,Any Graduate,"Full Time, Permanent",500000-1700000,500000,1700000,3
Data Scientist,Prime Focus Technologies,Bengaluru,1 - 3 years,VideoProcessing\nImageProcessing\nAudioProcessing\nArtificialIntelligence\nMachineLearning,500,B.Tech,"Full Time, Permanent",1200000-1600000,1200000,1600000,1
Data Scientist,Prime focus technology,Remote,1-3 Yrs,ArtificalIntelligence\nMachineLearning\nvideoprocreesing\nVoiceProcessing,5000,UG/PG,Full Time,1000000-1500000,1000000,1500000,1
Data Scientist,Priority vendor,Remote,2-5 Yrs,XGBoost\nPyTorch\nSikitLearn\nSQL\nPandas,200,PG,Full Time,500000-1000000,500000,1000000,2
Data Scientist,Priority vendor,Remote,2-5 Yrs,Pandas\nDeepLearning\nNumpy\nHadoop,200,UG/PG,Full Time,NA,#VALUE!,#VALUE!,2
Data Scientist,Process point,Hyderabad,7-12 Yrs,DataScience\nAzure\nMachineLearning\nPython,500,UG/PG,Full Time,2000000-3000000,2000000,3000000,7
Data Scientist,Process Technologies,"Hyderabad,Secunderabad",7-12 Yrs,AzureMl\nDeepLearning\nComputerVision\n,300,UG/PG,Full Time,2000000-3000000,2000000,3000000,7
Machine Learning Engineer,PubMatic,Chennai,1-3 Yrs,ProductManagement\nComputerScience\nAutomation\nCoding\nConsulting,"1,000",UG/PG,Full Time,500000-800000,500000,800000,1
Machine Learning Engineer,PYC,"New Delhi,Bengaluru",1-6 Yrs,C\nDataScience\nMachineLearning\nDjango\nOOPS,NA,UG,Full Time,2000000-2500000,2000000,2500000,1
Machine Learning Engineer,Qualcomm,Bengaluru,1-6 Yrs,DataAnalysis\nComputerVision\nSensors\nPython\nSignalProcessing,5000,UG/PG,Full Time,NA,#VALUE!,#VALUE!,1
Machine Learning Engineer,"Qualcomm Technologies,Inc",Chennai,3-8 Yrs,RTOS\nAutomation\nLinux\nConfigurationManagement\nSOC\nShellScripting\nDebugging,"45,000",UG/PG,Full Time,700000-1200000,700000,1200000,3
Machine Learning Engineer,"Qualcomm Technologies,Inc",Chennai,3-8 Yrs,ComputerScience\nComputervision\nSoftwareArchitecture\nCoding\nStaffing,"45,000",UG/PG,Full Time,450000-750000,450000,750000,3
Data Analyst,Quantiphy Analytics Solutions Pvt. Ltd.,"Bengaluru, Mumbai",4-7 Yrs,ArtificialIntelligence\nDataAnalysis\nCloud\nPresales\nMarketIntelligence,3310,UG/PG,Full Time,1000000-2000000,1000000,2000000,4
Machine Learning Engineer,Quinnox,Bengaluru,1-3 Yrs,Javascript\nDeepLearning\nNumpy\nPython\nMachineLearning,5000,UG,Full Time,NA,#VALUE!,#VALUE!,1
Data Scientist,RainGate,Noida,2-5 years,DeepLearning\nDataScience\nNLP\nMachineLearningAlgorithmsDataScience\nNLP\nMachineLearning,592,B.Tech,"Full Time, Permanent",1600000-2500000,1600000,2500000,2
Data Scientist,Rapid Talent Solutions,Bengaluru,4 - 9 years,DataScience\nNLP\nMachineLearningAlgorithms,,BCA,"Full Time, Permanent",500000-1300000,500000,1300000,4
Data Scientist,RENOUS EXTENSERVE PRIVATE LIMITED,Bengaluru,1 - 3 years,Python\nSQL\nMachineLearning,50,Any Graduate,"Full Time, Permanent",600000-800000,600000,800000,1
Data Scientist,Revalsys,"Bengaluru,Mumbai",3-8 Yrs,Hadoop\nPython\nBigData\nSQL\nstatistics,10000,UG/PG,Full Time,1000000-2000000,1000000,2000000,3
Data Scientist,Revalsys Technology,"Hyderabad,Secunderabad",1-2 Yrs,C++\nLinux\nComputerVision\nPython\nstatistics,50,UG,Full Time,NA,#VALUE!,#VALUE!,1
Data Scientist,Roposo,Bengaluru,3 - 6 years,ComputerScience\nDataAnalysis\nMetadataNo\nSQL\nLinux\nAnalyticalMachinelearning,141,Any Graduate,"Full Time, Permanent",1500000-2000000,1500000,2000000,3
Machine Learning Engineer,Saavn,Mumbai,2-5 Yrs,Python\nMachineLearning\nDataAnalysis\nDataStructures,569,UG/PG,Full Time,600000-1200000,600000,1200000,2
Machine Learning Engineer,SAP,Bengaluru,8-13 Yrs,NLP\nDeepLearning\nCatBoost\nSpaCy\nXGBoost,50000,UG/PG,Full Time,NA,#VALUE!,#VALUE!,8
Artificial Intelligence Architect,SAP India Pvt.Ltd,Bengaluru,1 - 5 years,RAI\nPython\nTensorflow\nDataScience\nArtificialIntelligence\nNaturalLanguageProcessing,2096,Any Graduate,"Full Time, Permanent",700000-1700000,700000,1700000,1
Machine Learning Engineer,Sapwood ventures,Kochi,0-3 Yrs,Data Quality\nArtificial Intelligence\nMachine Learning\nPython,NA,UG/PG,Full Time,NA,#VALUE!,#VALUE!,0
Artificial Intelligence Architect,Schneider Electric,Bengaluru,5-10 yrs,DeepLearning\nDataAnalysis\nGIT\nMachineLearning\nMySQL\nPython,185000,UG/PG,Full Time,NA,#VALUE!,#VALUE!,5
Machine Learning Engineer,Seasia infotech,Mohali SAS Nagar,0-5 Yrs,Math\NPython\nProbability\nSikitLearn\nPyTorch\nAlgorithms,50,UG/PG,Full Time,445000-700000,445000,700000,0
Data Scientist,Serving Skill,Bengaluru,2 - 6 years,DataScience\nPandas\nNumpy\nDeepLearning\nSQL\nPython,50,B.Tech/B.E,"Full Time, Permanent",600000-800000,600000,800000,2
Machine Learning Engineer,Seven Consultancy,Chennai,3-4 Yrs,MLModelling\nNLP\nNumpy\nPandas\nSciKit\nMLOps\nHadoop,200,UG/PG,Full Time,700000-1200000,700000,1200000,3
Machine Learning Engineer,Seven Consultancy,New Delhi,4 - 8 years,ComputerScience\nPrototype\nGCP\nArtificial Intelligence\nMachine learning\nData collection\nData structures\nSQL\nPython,200,Any Graduate,"Full Time, Permanent",500000-1000000,500000,1000000,4
Data Scientist,Sharechat,Bengaluru,1 - 3 years,JavaAlgorithms\nC / C + +\nData Scientist\nNaturalLanguageProcessing\nComputer Science,400,B.Tech,"Full Time, Permanent",1500000-2000000,1500000,2000000,1
Data Scientist,Shell,"Chennai,Bengaluru",5-10 Yrs,SupplyChain\nAdvancedAnalytics\nTeamManagement\nDataScience\nHPdataprotector,"80,000",PG/Phd,Full Time,850000-1700000,850000,1700000,5
Data Scientist,Siddh recruitech,Ahmedabad,4 - 8 years,DataScience\nR\nDataScience\nProblemSolving\nMachineLearning,10,B.Tech/B.E. in Computers,"Full Time, Permanent",NA,#VALUE!,#VALUE!,4
Data Scientist,simulationHub,Pune,1 - 3 years,DataModeling\nEnterpriseApplications\nAnalyticalConsultingMachineLearning,50,Any Graduate,"Full Time, Permanent",1200000-1600000,1200000,1600000,1
Data Scientist,Smiths,Bengaluru,1 - 5 years,ComputerScience\nC++\nAviation\nDataModeling\nAnalyticalArtificialIntelligence\nMachine learning,270,Any Graduate,"Full Time, Permanent",650000-950000,650000,950000,1
Data Scientist,SpotDraft,Gurgaon,1 - 5 years,ComputerLanguages\nDataAnalysisProcess\nOptimization\nLinux\nNeuralNetworks\nMachine learning,200,B.Tech,"Full Time, Permanent",1600000-1900000,1600000,1900000,1
Machine Learning Engineer,Spotflock Technologies Pvt. Ltd.,Delhi,5 - 10 years,ComputerScience\nProductEngineering\nLinux\nArtificialIntelligence\nMachineLearning\nAgileData Collection\nHTML\nDataQuality\nPython,25,Any Graduate,"Full Time, Permanent",NA,#VALUE!,#VALUE!,5
Machine Learning Engineer,Spotflock Technologies Pvt. Ltd.,"Delhi, Hyderabad",5 - 10 years,ComputerScience\nProductengineering\nLinux\nArtificialIntelligence\nMachinelearning\nPython,50,Any Graduate,"Full Time, Permanent",NA,#VALUE!,#VALUE!,5
Technical Project Lead,Steria India Ltd.,Noida,8-10 Yrs,ArtificialIntelligence\nMachineLearning\nNLP\nComputerVision,46000,UG/PG,Full Time,1600000-2500000,1600000,2500000,8
Machine Learning Engineer,Sutherland,India,5-10 yrs,TensorFlow\nPython\nAzurePipelines\nAzureMl\nDocker\nSpark,50000,UG/PG,Full Time,1000000-4000000,1000000,4000000,5
Data Analyst,Sutherland Global Services Inc.,Hyderabad,2-7 Yrs,MachineLearning\nSQL\nPython\nOpenSource\nDataAnalysis\nStatisticalProgramming,380000,UG,Full Time,400000-1000000,400000,1000000,2
Knime,Synergy Marine Group,Chennai,1-2 Yrs,TextProcessing\nDataanalysis\nQuerylanguages\nMachineLearning,"14,000",UG,Full Time,1800000-2200000,1800000,2200000,1
Data Scientist,Tactica,"Hyderabad,Bengaluru,Pune",5-10 Yrs,DataScience\nNaturalLanguageProcessing\nTextmining\nDeepLearning,1000,UG,Full Time,900000-1900000,900000,1900000,5
Data Analyst,Tactica Business Solutions,"Pune, Hyderabad, Bengaluru",5-10 Yrs,Python\nMachineLearning\nDataAnalysis\nDeepLearning\nDataMining\nUnstructuredData\nTextMining,50,UG/PG/PHD,Full Time,900000-1900000,900000,1900000,5
Data Scientist,Talent Acceleration Corridor,Hyderabad,2 - 4 years,DataScience\nNLP\nDataScientist\nDataVisualization\nMachineLearning\nPython,200,Any Graduate,"Full Time, Permanent",600000-800000,600000,800000,2
Machine Learning Engineer,Talent stock,"Noida,Bengaluru,Mumbai",3-8 Yrs,Python\nComputerVision\nMachineLearning,NA,UG/PG,Full Time,140000-2400000,140000,2400000,3
Machine Learning Engineer,Talent Stock,"Noida,Bengaluru,Mumbai",3-8 Yrs,Python\nComputerVision\nBash\nTenserFlow\nKeras,600,UG,Full Time,1400000-2400000,1400000,2400000,3
Data Engineer,TalentStack,Chennai,5-10 Yrs,Python\nMachineLearning\nMySql\nHadoop\nAWS\nAmazonEC2\nLinux\Nnlp,50,PG/Phd,Full Time,450000-750000,450000,750000,5
Data Scientist,TalentStack,Bengaluru,1 - 4 years,SQL\nMachineLearning\nAlgorithms\nPython\nPredictiveModeling\nJava\nDataMining\nRandomForest,200,B.Sc/B.Tech/BCA,"Full Time, Permanent",NA,#VALUE!,#VALUE!,1
Machine Learning Engineer,Tata Consultancy Services,"Chennai,Pune",3-15 Yrs,Python\nMachineLearning\nMATLAB\nNLP\nTableau,"4,00,000",PG/Phd,Full Time,700000-1200000,700000,1200000,3
Machine Learning Engineer,Tata technology,Thane,3-6 Yrs,DataScience\nArtificialIntelligence\nDataMining\nMachineLearning,10000,UG,Full Time,1200000-1600000,1200000,1600000,3
Data Analyst,TeamPlus Staffing Solutions Pvt. Ltd,Remote,4-8 Yrs,Python\nMachineLearning\nDataAnalysis\nXML\nPDF\nMATLAB,50,UG,Full Time,NA,#VALUE!,#VALUE!,4
Artificial Intelligence Architect,Tech Mahindra,"Pune,Bengaluru",7-12 Yrs,Python\nMachineLearning\nNLP\nNLU\nDeepLearning\nSentimentAnalysis\nTextMining\nArtificialIntelligence,40500,UG/PG/PHD,Full Time,700000-1700000,700000,1700000,7
Data Scientist,Tech Mahindra,Noida,3 - 6 years,SAS\nMachineLearning,145000,B.Sc/BCA,Full Time,1200000-1600000,1200000,1600000,3
"Teradata, Informatica Developer",Tech Mahindra,"Visakhapatnam,Hyderabad,Bengaluru",0-5 Yrs,SQL\nDataAnalysis\nDataMining\nDataWarehousing\nPLSQL\nFrontend\nInformaticaPowerCenter,40500,UG,Full Time,450000-950000,450000,950000,0
Machine Learning Engineer,Teksun Microsys,Ahmedabad,0-1 Yrs,DataScience\nNaturalLanguageProcessing\nDeepLearning\nComputerVision\nSpark,500,UG/PG,Full Time,NA,#VALUE!,#VALUE!,0
Data Scientist,Thomson Reuters,Bengaluru,2-4 Yrs,CloudComputing\nAnalytics\nMachineLearning\nDataMining,50000,UG/PG,Full Time,1500000-3000000,1500000,3000000,2
Machine Learning Engineer,Tiger Analytics,"Hyderabad,Bengaluru,Chennai",1-6 Yrs,ArtificalIntelligence\nMachineLearning\nDjango\nMySQl\nPython\nCloud,15000,UG/PG,Full Time,NA,#VALUE!,#VALUE!,1
Data Analyst,Tipping Mr Pink Pvt. Ltd.,Gurgaon,0-2 Yrs,Python\nMachineLearning\nDataAnalysis\nSQL\nExcel\nMSOffice\nDataScience,40,UG,Full Time,550000-700000,550000,700000,0
Data Scientist,TMD - The Modern Dimension,New Delhi,2 - 7 years,DataScience\nDataScientist\nMachineLearningAlgorithm,50,Any Graduate,"Full Time, Permanent",1400000-1800000,1400000,1800000,2
Data Scientist,Tokopedia,Noida,2 - 4 years,LogisticRegression\nNeuralNetworks\nUnsupervisedLearning\nMachineLearning\nDeepLearning\nSQL\nRandom Forest,10000,Any Graduate,"Full Time, Permanent",1500000-3000000,1500000,3000000,2
Data Scientist,Tookitaki Holding PTE LTD,Bengaluru,1 - 3 years,OperationalRisk\nDataScience\nMachineLearning\nBigData\nSQL\nPython,200,Any Graduate,"Full Time, Permanent",1300000-1550000,1300000,1550000,1
Machine Learning Engineer,Toyota Connected,Chennai,8-12 Yrs,AWS\nComputervision\nCNN\RNN\nOpenCV\nC++\nCaffe,500,PG/Phd,Full Time,NA,#VALUE!,#VALUE!,8
Data Scientist,Uber,Bengaluru,6 - 12 years,ComputerScience\nInterpersonalSkills\nProjectManagement\nTechnicalLead\nDataVisualization\nSQL\nPython,10001,Any Graduate,"Full Time, Permanent",100000-500000,100000,500000,6
Machine Learning Engineer,Ujjivan Small Finance Bank,Bengaluru,3-6 Yrs,Python\nMachineLearning\nDataAnalysis\nSQL\nStatisticalModeling,16000,UG,Full Time,800000-1200000,800000,1200000,3
Data Scientist,Urban Company,Gurgaon,5 - 9 years,DeepLearning\nArchitecture\nNeuralNetworks\nBusinessSolutionsMonitoring\nPythonTesting,5000,Any Graduate,"Full Time, Permanent",1700000-2100000,1700000,2100000,5
Machine Learning Engineer,Vbeyond Corporation,"Kochi, Mumbai, Hyderabad, Pune, Chennai",5-10 Yrs,MachineLearning\nAzureML\nDatabricks\nPython\nSQL\nADLS\nMLOps,300,UG,Full Time,500000-1500000,500000,1500000,5
Data Analyst,Verisk Analytics,Hyderabad,2-7 Yrs,Python\nMachineLearning\nDataAnalysis\nArtificial Intelligence,9300,UG/PG,Full Time,400000-1000000,400000,1000000,2
Machine Learning Engineer,Verizon,Chennai,3-7 Yrs,Unix\nGCP\nDiversityAndInclusion\nMachineLearning\nModelDevelopment\nOpenSource,"1,30,000",UG/PG,Full Time,900000-1450000,900000,1450000,3
Machine Learning Engineer,Vesat,Bengaluru,2-5 Yrs,Django\nDeepLearning\nPython\nMachineLearning,1000,UG/PG,Full Time,2000000-2500000,2000000,2500000,2
Data Scientist,Vichaara Technologies,"Pune,Bengaluru,Delhi",6-11 Yrs,PredictiveModeling\nLogisticRegression\nDeepLearning\n LinearRegression\nPython,500,UG/PG,Full Time,1800000-3000000,1800000,3000000,6
Data Scientist,Virtusa,"Hyderabad,Bengaluru,Mumbai,Gurgaon",5-9 Yrs,DataModeling\nDeepLearning\nNumpy\nHadoop\nPython,10000,UG,Full Time,450000-950000,450000,950000,5
Python Developer,Virtusa,Chennai,1-3 Yrs,MachineLearning\nPython,"30,000",UG/PG,Full Time,700000-12000000,700000,12000000,1
Machine Learning Engineer,Vision Beyond,"Kochi,Bengaluru,Hyderabad,Mumbai",5-10 Yrs,MachineLearning\nAzure\nMLOops\nPowerBi,1000,UG,Full Time,500000-1500000,500000,1500000,5
Data Scientist,Vorales,"Pune,Bengaluru",8-13 Yrs,DeepLearning\nSVM\nXGBoost\nBayes,NA,UG/PG,Full Time,2000000-3000000,2000000,3000000,8
Data Scientist,Vorales Consulting Services Pvt. Ltd.,Pune,8 - 13 years,NLPMl\nAlgorithms\nDeepLearning,NA,Any Graduate,"Full Time, Permanent",500000-1300000,500000,1300000,8
Customer Success Manager,Vunet Systems,"Mumbai,Chennai,Bengaluru",8-10 Yrs,ServiceLevel\nNetworking\nCustomersatisfaction\nFinancialinclusion\nMachineLearning,200,PG/Phd,Full Time,500000-950000,500000,950000,8
Solution Engineer,Vunet Systems,"Mumbai,Chennai,Bengaluru",4-5 Yrs,Ubuntu\nLinux\nNetworking\nJMX\nMachineLearning\nCustomerSupport\nMongoDB,200,UG/PG,Full Time,900000-1450000,900000,1450000,4
Data Analyst,Walmart,Bengaluru,7-12 yrs,MachineLearning\nProductManagement\nDataAnalysis\nMetadata\nArchitecture,230000,UG/PG,Full Time,3000000-6000000,3000000,6000000,7
Data Engineer,Walmart,Chennai,4-7 Yrs,ITSkills\nJava\nPython\nDataScience\nMachineLearning\nBigData\Naws,"23,00,000",UG/PG,Full Time,550000-950000,550000,950000,4
Data Scientist,Walmart,Remote,0-5 Yrs,Ml\nDeepLearning\nComputerVision\n Statistics,10000,UG/PG,Full Time,NA,#VALUE!,#VALUE!,0
Software Engineer,Walmart,Chennai,3-6 Yrs,ComputerScience\nMaven\nMachineLearning\nDataStructures\nHTML\nUnitTesting,"23,00,000",UG/PG,Full Time,600000-900000,600000,900000,3
Technical Lead:ML,Walmart,Bengaluru,3-6 Yrs,MachineLearning\nSQL\nPython\nForecasting,2300000,UG/PG,Full Time,NA,#VALUE!,#VALUE!,3
Data Scientist,Whatfix,Gurgaon,1 - 3 years,ComputerScienceApplication\nSupportAnalytical\nMachinelearning\nPython,774,Any Graduate,"Full Time, Permanent",380000-1500000,380000,1500000,1
Automation Tester,Williams Lea,"Kochi,Chennai",2-6 Yrs,ComputerScience\nC++\nAutomation\nChangeManagement,"12,000",UG/PG,Full Time,1200000-1600000,1200000,1600000,2
Artificial Intelligence Architect,Wipro,"Mumbai,Chennai,Kolkata,Delhi,Bengaluru,Mumbai,Pune,Hyderabad",14-20 Yrs,RegressionAnalysis\nPatternRecognition\nNLP\nFactorAnalysis\nArima,"2,30,000",PG/Phd,Full Time,400000-700000,400000,700000,14
AWS-MLOps,Wipro,"Kochi,Chennai,Kolkata,Gurugram,Coimbatore,Bengaluru,Mumbai,Pune,Hyderabad",6-11 Yrs,DevOps\nMachineLearning\nAWS\Noop\nNumpy\nNLPalgorithms\nDocker\nTensorflow,"2,30,000",PG/Phd,Full Time,1800000-2250000,1800000,2250000,6
Data Scientist,Wipro,"Hyderabad,Chennai,Pune,Bengaluru",3-8 Yrs,ITSkills\nPython\nDataScience\nMachineLearning\nArtificalIntelligence\nCloud,"2,30,000",UG/PG,Full Time,500000-700000,500000,700000,3
Machine Learning Architect,Wipro,"Kochi,Chennai,Kolkata,Gurugram,Coimbatore,Bengaluru,Mumbai,Pune,Hyderabad",5-10Yrs,Computervision\nMachineLearning\nPython\nITSkills\nCloud\nPytorch\nTensorflow,"2,30,000",PG/Phd,Full Time,700000-1200000,700000,1200000,5
Machine Learning Engineer,Wipro,Noida,3-6 Yrs,MachineLearning\nPython\nPythonDeveloper\nPytorch\nSoftwareArchitectureDesign\nR\nJava\nDataStructures,220000,UG,Full Time,500000-950000,500000,950000,3
Machine Learning Engineer,Wipro,"Hyderabad,Chennai,Pune,Bengaluru",3-8 Yrs,ImageGeneration\nCaffe\nTensorflow\nApacheTVM\nONNX\nInstanceSegmentation,"2,30,000",UG/PG,Full Time,600000-800000,600000,800000,3
Machine Learning Engineer,Xerox,"Kochi,Bengaluru",7-12 Yrs,IntelligentDocumentProcessing\nAI\nML\nClassification,1000,UG/PG,Full Time,NA,#VALUE!,#VALUE!,7
Data Scientist,YALLAS TECHNOLOGY SOLUTIONS (OPC) Pvt Ltd,Bengaluru,3 - 5 years,Tensorflow\nSVM\nAnalytics\nPython,10,B.Tech,"Full Time, Permanent",500000-1600000,500000,1600000,3
Machine Learning Engineer,Zoho,Chennai,0-3 Yrs,MachineLearning\nC++\nDataStructures\nSoftwareArchitecture\nCI/CD Pipelines,"12,000",UG,Full Time,850000-1300000,850000,1300000,0
Junior Data Scientist,Ignitho,Chennai,0 - 2 Yrs,R\nSQL\Python,200,UG,Full Time,NA,#VALUE!,#VALUE!,0
Data Scientist,Gravity Intelligent Solutions,Bengaluru,0-4 Yrs,Django\nReact\nJsMachineLearning\nPython,NA,UG,Full Time,300000-500000,300000,500000,0
Data Scientist,Peoplefy Infosolutions Pvt. Ltd,Pune,0-4 Yrs,MachineLearning\nDeepLearning\nPython,200,PG/PhD,Full Time,500000-700000,500000,700000,0
Data Scientist,Louis Dreyfus Commodities,Bengaluru,0-3 Yrs,Python\nSQL,17000,MS Stats,Full TIme,NA,#VALUE!,#VALUE!,0
Junior Machine Leaening Engineer,Digit Insurance,Bengaluru,0-2 Yrs,MachineLearning\nPython,2540,UG,Full Time,300000-500000,300000,500000,0
Machine Leaening Engineer,Teksun Microsys Pvt Ltd,Ahmedabad,0-3 Yrs,Python\nSQL\nDeepLearning,500,UG,Full Time,400000-600000,400000,600000,0
Data Analyst,Nike India,Bengaluru,0-5 Yrs,MachineLearning\nDataAnalytics\nOperations\nSQL,75400,UG,Full Time,400000-600000,400000,600000,0
Data Scientist,Simulation Hub,Pune,1-3 Yrs,DataVisualization\nInformationTechnology\nAnalytics\nCRM,200,UG,Full Time,800000-1000000,800000,1000000,1
Data Scientist,NEEMTREE INTERNET PVT LTD,Gurgaon,4-8 Yrs,BusinessIntelligence\nAnalytics\nPython,50,UG,Full Time,NA,#VALUE!,#VALUE!,4
Data Scientist,GSTN,Delhi,3-5 Yrs,MachineLearning\nDeepLearning\nPython,200,B.Tech,Full Time,"4,00,000 - 7,50,000","4,00,000 "," 7,50,000",3